model,roc_auc,f1_binary,precision,recall,pr_auc
Random Forest,0.734412,0.773212,0.734104,0.81672,0.799257
MLP,0.728525,0.781955,0.734463,0.836013,0.77867
XGBoost,0.721805,0.774194,0.741176,0.810289,0.782711
Logistic Regression,0.718284,0.760736,0.727273,0.797428,0.784128
Gradient Boosting,0.718097,0.787519,0.732044,0.85209,0.784039
Decision Tree,0.673387,0.755287,0.712251,0.803859,0.730384
